{
  "predictions": [
    {
      "x": 329.32470703125,
      "y": 1419.2808837890625,
      "width": 441.7344055175781,
      "height": 252.798828125,
      "confidence": 0.721,
      "class": "license-plate",
      "class_id": 0,
      "detection_id": "527a41a6-a84a-4a6a-b68a-077b9c592081"
    },
    {
      "x": 2197.65185546875,
      "y": 1974.219482421875,
      "width": 519.817626953125,
      "height": 268.8123779296875,
      "confidence": 0.627,
      "class": "license-plate",
      "class_id": 0,
      "detection_id": "6d5fab82-4286-45c2-8d6b-5c93b3db4059"
    }
  ]
}